AILA FERNANDES OLIVEIRA CARDOSO;3A;;;
ANA CLARA MOREIRA ARAÚJO;3A;;;
ANA CLARA PERRUPATO MENDONÇA;3A;;;
ANDRÉ DE CERQUEIRA LIMA NOGUEIRA;3A;;;
ANNA CLARA MIRANDA E MOREIRA;3A;;;
BRUNO DEMATTOS NOGUEIRA;3A;;;
CAROLINA PANTUZZO LEÃO ALVES;3A;;;
DANIEL HAAS BECATTINI LIMA;3A;;;
DANILO ALBUQUERQUE MENDES CASTRO;3A;;;
EDUARDO BRANDÃO GOMES;3A;;;
FILIPE REIS DALMAX;3A;;;
FLÁVIA COSTA TEIXEIRA VIANA;3A;;;
FLÁVIA COUTINHO LOUREIRO RIBEIRO;3A;;;
FRANCISCO GALUPPO AZEVEDO;3A;;;
GIOVANNA HERMONT ABBES SCHEINBEIN;3A;;;
GUILHERME ARAUJO DUARTE;3A;;;
GUILHERME CARVALHO DE ALMEIDA SILVA;3A;;;
IZABELA SHAMASH AMORIM;3A;;;
JÚLIA GALIZZI;3A;;;
KAIQUE MARTINS FERNANDES;3A;;;
LETICIA GOMES SARLO ANTONIO;3A;;;
LÍGIA MORAIS FONSECA;3A;;;
LUCAS LACERDA VILLANI DE CARVALHO;3A;;;
LUIGI CHAVES PIAZZA RODRIGUES;3A;;;
LUÍZA MACHADO BAUMGRATZ DELGADO;3A;;;
LUIZA MARIA MEDEIROS DA SILVA;3A;;;
MARCELO DE CARVALHO SABINO;3A;;;
MARIANA COSTA FERREIRA RIGHI RODRIGUES;3A;;;
PEDRO HENRIQUE BICALHO CARDOSO MACHADO SIQUEIRA;3A;;;
PEDRO HENRIQUE FERREIRA DE SOUZA;3A;;;
PRISCILA LOPES FARIA;3A;;;
RAFAEL GROSSI E FONSECA;3A;;;
RAFAEL MOREIRA DOS SANTOS BORGES;3A;;;
RAPHAEL BRUNO DE CASTRO LOURES;3A;;;
RAYSSA OLIVEIRA LUCCHESI BATISTA;3A;;;
RENATA RATTIS PÁDUA DRESCH;3A;;;
THOMAZ GEO DUFFLES MUSMAN;3A;;;
ANDRÉ GROSSI E FONSECA;3B;;;
ARTUR ASSREUY DINIZ;3B;;;
ARTUR RIBEIRO DE MENDONÇA CARDOSO;3B;;;
BRENO FELIPE PENIDO MORATO;3B;;;
CLARA RODRIGUES PEREIRA;3B;;;
GABRIEL OLIVEIRA FARIA;3B;;;
GABRIELLA CAROLYNA ALVES VIEIRA;3B;;;
GUILHERME AUGUSTO REZENDE GUSMÃO;3B;;;
JOÃO CARLOS STARLING DO NASCIMENTO PASSOS;3B;;;
JOÃO PEDRO SENNA SANTANA DE MATOS;3B;;;
JÚLIA ROSA TORRES;3B;;;
KARINA MURTA STARLING HAYASHI;3B;;;
LARA MATTOS PIRES;3B;;;
LAUREN RIBEIRO TINOCO;3B;;;
LICIA BRANT MOREIRA FERREIRA;3B;;;
LUIZ AUGUSTO FACURY DE SOUZA;3B;;;
LUIZA ARAÚJO CORDEIRO;3B;;;
MARIA AUGUSTA DUARTE ABREU;3B;;;
MARIA BEATRIZ SANTOS MAGALHÃES;3B;;;
MARIA CLARA ELIAS ZANZOTI DE SOUSA;3B;;;
MARIA IZABEL DE CASTRO MAGALHAES FORTES;3B;;;
MARIA VICTORIA PEREIRA DE SOUZA;3B;;;
MÍRIAM ARAÚJO DUTRA FERREIRA;3B;;;
PEDRO RIOS BUSTAMANTE;3B;;;
RAFAEL ANTHONY ALVES BATISTA;3B;;;
REBECCA ROCHA VIANA;3B;;;
RENATA ARANHA SILVEIRA;3B;;;
SABRINA DE CARVALHO ANTONIO;3B;;;
TATIANA PERLATTO MOURA;3B;;;
TIFANY CERQUEIRA MACEDO;3B;;;
VICTOR RODRIGUES DE MELO COSTA;3B;;;
VINÍCIUS BEDESCHI COSTA CUNHA;3B;;;
ALTINO JOSÉ SOBROZA PIMENTA PEREIRA;3C;;;
AMANDA MENEZES DE MATOS AUGUSTO;3C;;;
ANA CLAUDIA GOIANAZES MOREIRA;3C;;;
ANITA DUARTE TORRES OLIVEIRA;3C;;;
ARTHUR DE VASCONCELOS FULGENCIO AMORIM;3C;;;
BÁRBARA LUIZA AZEVEDO FERNANDES;3C;;;
BERNARDO BUITRAGO DE ANDRADE;3C;;;
BRUNA BOECHAT DE SOUZA DOLABELLA;3C;;;
BRUNA SOARES BENTES;3C;;;
CAROLINE ALVES GARCIA RODRIGUES;3C;;;
CEZAR MIGUEL VIEIRA LAGE;3C;;;
DANIEL ARAUJO BORGES;3C;;;
FELIPE GOMES MEDEIROS LEITE;3C;;;
FERNANDA SOUZA FREITAS DE SIQUEIRA;3C;;;
GUILHERME DE PAULA MAXIMIANO ESTANISLAU;3C;;;
HENRIQUE MUNDIM DE MATTOS PAIXÃO;3C;;;
HENRIQUE RODRIGUES GRECO;3C;;;
ISABELA DE OLIVEIRA RESENDE NEVES;3C;;;
JOANNA PINHEIRO RODRIGUES;3C;;;
JOAO HENRIQUE DE OLIVEIRA E SILVA;3C;;;
JULIA CASTELLO BRANCO FIUME PIRES;3C;;;
LAURA MELO AVELAR;3C;;;
LETICIA MENDONÇA FIUZA;3C;;;
LUCIANA AUAD GUIMARÃES;3C;;;
LUIZA LINHARES COSTA;3C;;;
LUIZA OLIVEIRA BENGTSSON;3C;;;
MARIA CLARA VIEIRA MARTINS FARIAS;3C;;;
MARIA CRISTINA OLIVEIRA FONTE BOA;3C;;;
MARIANA TAVARES MENDONÇA;3C;;;
MARTINNA MAGALHÃES ALVARENGA VARELA;3C;;;
PATRÍCIA BARBOSA NOGUEIRA;3C;;;
PEDRO CRUZ MARCHESE;3C;;;
SAMUEL VIEIRA COSTA FERREIRA;3C;;;
SOFIA ASSIS ALVARENGA;3C;;;
SOFIA CUNHA MAFRA;3C;;;
SOPHIA OLIVEIRA BARROSO;3C;;;
YURI ZAVA DE CASTRO SANTOS;3C;;;
AMANDA GATTO LAMAS;3D;;;
ANDRE FREITAS VARGENS;3D;;;
ANNA BEATRIZ SENA DA MATA MACHADO;3D;;;
ANNA LAURA LIMA LARCIPRETTI;3D;;;
ARTHUR BAZOLLI ALVARENGA;3D;;;
ARTUR DE SOUZA PLÁCIDO TEIXEIRA;3D;;;
BEATRIZ SAEZ BRAGANÇA REZENDE;3D;;;
BERNARDO PALHARES SILVA PULIERO;3D;;;
BRUNA DE OLIVEIRA RASO;3D;;;
CAROLINA DOS SANTOS LISBÔA DE OLIVEIRA TEIXEIRA;3D;;;
CRISTIANO ARAÚJO ABREU DINIZ;3D;;;
DANIELLA SANTOS DE SOUZA;3D;;;
ELISA SANTOS BACELAR;3D;;;
EMILY DE ANDRADE NEVES GUERZONI;3D;;;
FELIPE ANTÔNIO ARAÚJO COSTA;3D;;;
FERNANDA FERREIRA CRUZ;3D;;;
FERNANDA STARK DE ALMEIDA DELGADO;3D;;;
FREDERICO ANTONIO COUTINHO LACERDA MARINHO;3D;;;
FREDERICO CANÇADO PEREIRA;3D;;;
FREDERICO OLIVEIRA ANDREA;3D;;;
GABRIELA LOUSADO MESQUITA;3D;;;
GUILHERME SPINELLI ESTEVAM;3D;;;
HELENA NOVAES PASSOS;3D;;;
IARA CARLIN TORRES;3D;;;
ISABELA CECÍLIO AULER;3D;;;
ISADORA GRILLO POLATSCHECK;3D;;;
JOÃO MARCELO BRITO PIMENTA;3D;;;
JULIA CAMPOS CALIXTO;3D;;;
LAURA GONÇALVES TEMPONI SOARES;3D;;;
LOURENÇO GANDRA LOPES;3D;;;
LUCAS DE PAULA CHARLEMONT;3D;;;
MARIA ELENA MATTONE VASCONCELOS;3D;;;
MARIANA NUNES CAMELO;3D;;;
MARINA COSTA ANDRADE;3D;;;
PEDRO HENRIQUE CARVALHO UHR;3D;;;
PEDRO MENDONÇA ASSUNÇÃO;3D;;;
RÔMULO GODINHO STOCKLER BARBOSA;3D;;;
THAIS SILVA MITRAUD RUAS;3D;;;
VITÓRIA MARIA CORRÊA MURTA;3D;;;
ALICE CABRAL DE AVELAR MARQUES;3E;;;
ALYSON DE MIRANDA MELO CHAVES;3E;;;
ANA PAULA MENEZES DE SOUZA;3E;;;
ANNA CAROLINA DUARTE CHRISPIM NUNES COELHO;3E;;;
BRUNA MARIANA MORAIS IGNÁCIO;3E;;;
CAMILA RODRIGUES JARDIM;3E;;;
CLARA BATALHA BERTOZZI DE OLIVEIRA;3E;;;
CLARA CHAGAS BARBOSA SANTOS;3E;;;
CLARA ESTILLAC LEAL SILVA;3E;;;
CLARICE FERREIRA DE ABREU;3E;;;
ÉRICO CASTILHO TAMIETTI;3E;;;
ESTER FIORILLO ROCHA DE RESENDE;3E;;;
ESTHER MARIA DIAS KFURI;3E;;;
GABRIEL CHAGAS BRANDÃO DE MORAIS;3E;;;
GABRIEL DE OLIVEIRA GONZAGA;3E;;;
GABRIELA ARRUDA SILVEIRA PICASSO Y FERNANDEZ;3E;;;
GIOVANNA BAMBERG MARQUES;3E;;;
HIGOR MARTINHO VALENTE;3E;;;
IZABELA ROSA GARCIA PAIVA;3E;;;
JOÃO GABRIEL RESENDE BRUNO;3E;;;
LAÍS DE CARVALHO TORRES;3E;;;
LAURA CHIARADIA DIAS;3E;;;
LUCCA FERREIRA MACHADO;3E;;;
LUÍSA CASTRO DE SOUZA PIRES;3E;;;
LUIZA MENDES FONSECA;3E;;;
LUMA NUNES MADUREIRA;3E;;;
MARCELA CARDOSO PEREIRA;3E;;;
MARIANA FERRAZ ANDRADE;3E;;;
MARINA MARILAC DOS SANTOS LARA;3E;;;
RAFAEL MOURA DE OLIVEIRA;3E;;;
RAQUEL MOREIRA BORGES;3E;;;
RENAN FERNANDO MOREIRA LIMA;3E;;;
TALITA MIRANDA SANTOS;3E;;;
THAYAN CASTRO DE  LIMA;3E;;;
VITOR ELIAS LABOISSIERE;3E;;;
VITOR HUGO DA SILVA QUEIROZ;3E;;;
WANDER LEÃO VALENTIM;3E;;;
ANA CAROLINA MARRA DE ANDRADE;3F;;;
ANTÔNIO HENRIQUE CANDIOTTO VIANNA PEREIRA;3F;;;
ARTUR NUNES MELLO;3F;;;
AUGUSTO CÉSAR SOUSA DE MELO;3F;;;
BRUNA EDUARDA RIBEIRO RAMOS;3F;;;
DEBORAH KELLES JUSTE;3F;;;
DEBORAH REGINA ALVES;3F;;;
EDELWEISS LETICIA PELUSO PACCACINI;3F;;;
EDUARDO JULIÃO TEIXEIRA SANTOS;3F;;;
GABRIEL BICALHO PAIVA;3F;;;
GABRIEL DE CASTRO MACHADO;3F;;;
GABRIEL SOLIS GONÇALVES BAKER BOTELHO;3F;;;
GIOVANNA REIS GRANATA PEREIRA;3F;;;
GIULIANA TARANTO ARMOND;3F;;;
HELIO MILITO MARTINS DE AMORIM NETO;3F;;;
IGOR CARNEIRO GOMES;3F;;;
ISADORA MAIRA RODRIGUES DE OLIVEIRA;3F;;;
JULIA FACUNDO MOREIRA DE SOUSA BARTOLOMEU;3F;;;
JULIA GARAVELLO BAIÃO DE AMORIM;3F;;;
LARA FREITAS CAVALCANTI;3F;;;
LARISSA VARGAS DE CARVALHO PEREIRA;3F;;;
LAURA CESAR BURNI TORRES;3F;;;
LAURA MESSER DE CASTRO;3F;;;
LUCAS SADDI ORTEGA DRUMMOND;3F;;;
MARIA LAURA OLIVEIRA LOBATO;3F;;;
MARINA GOMES DINIZ;3F;;;
MICAELA FLAVIA MOREIRA SANTOS;3F;;;
NATALIA TOLEDO DE MELO;3F;;;
NINA FRAIHA DE FARIA;3F;;;
RENATO REZENDE BAUMGRATZ;3F;;;
VÍTOR EMÍDIO DE MENDONÇA;3F;;;
YANDRA FERNANDES FIORI PRIMAVERA;3F;;;
YASMIM OLIVEIRA DE WINDSOR SILVA;3F;;;
